city_id,city,country_id,last_update_date,last_update_timestamp
1,A Coruña (La Coruña),87,15-02-2006,04:45:25
2,Abha,82,15-02-2006,04:45:25
3,Abu Dhabi,101,15-02-2006,04:45:25
4,Acuña,60,15-02-2006,04:45:25
5,Adana,97,15-02-2006,04:45:25
6,Addis Abeba,31,15-02-2006,04:45:25
7,Aden,107,15-02-2006,04:45:25
8,Adoni,44,15-02-2006,04:45:25
9,Ahmadnagar,44,15-02-2006,04:45:25
10,Akishima,50,15-02-2006,04:45:25
11,Akron,103,15-02-2006,04:45:25
12,al-Ayn,101,15-02-2006,04:45:25
13,al-Hawiya,82,15-02-2006,04:45:25
14,al-Manama,11,15-02-2006,04:45:25
15,al-Qadarif,89,15-02-2006,04:45:25
16,al-Qatif,82,15-02-2006,04:45:25
17,Alessandria,49,15-02-2006,04:45:25
18,Allappuzha (Alleppey),44,15-02-2006,04:45:25
19,Allende,60,15-02-2006,04:45:25
20,Almirante Brown,6,15-02-2006,04:45:25
21,Alvorada,15,15-02-2006,04:45:25
22,Ambattur,44,15-02-2006,04:45:25
23,Amersfoort,67,15-02-2006,04:45:25
24,Amroha,44,15-02-2006,04:45:25
25,Angra dos Reis,15,15-02-2006,04:45:25
26,Anápolis,15,15-02-2006,04:45:25
27,Antofagasta,22,15-02-2006,04:45:25
28,Aparecida de Goiânia,15,15-02-2006,04:45:25
29,Apeldoorn,67,15-02-2006,04:45:25
30,Araçatuba,15,15-02-2006,04:45:25
31,Arak,46,15-02-2006,04:45:25
32,Arecibo,77,15-02-2006,04:45:25
33,Arlington,103,15-02-2006,04:45:25
34,Ashdod,48,15-02-2006,04:45:25
35,Ashgabat,98,15-02-2006,04:45:25
36,Ashqelon,48,15-02-2006,04:45:25
37,Asunción,73,15-02-2006,04:45:25
38,Athenai,39,15-02-2006,04:45:25
39,Atšinsk,80,15-02-2006,04:45:25
40,Atlixco,60,15-02-2006,04:45:25
41,Augusta-Richmond County,103,15-02-2006,04:45:25
42,Aurora,103,15-02-2006,04:45:25
43,Avellaneda,6,15-02-2006,04:45:25
44,Bagé,15,15-02-2006,04:45:25
45,Bahía Blanca,6,15-02-2006,04:45:25
46,Baicheng,23,15-02-2006,04:45:25
47,Baiyin,23,15-02-2006,04:45:25
48,Baku,10,15-02-2006,04:45:25
49,Balašiha,80,15-02-2006,04:45:25
50,Balikesir,97,15-02-2006,04:45:25
51,Balurghat,44,15-02-2006,04:45:25
52,Bamenda,19,15-02-2006,04:45:25
53,Bandar Seri Begawan,16,15-02-2006,04:45:25
54,Banjul,37,15-02-2006,04:45:25
55,Barcelona,104,15-02-2006,04:45:25
56,Basel,91,15-02-2006,04:45:25
57,Bat Yam,48,15-02-2006,04:45:25
58,Batman,97,15-02-2006,04:45:25
59,Batna,2,15-02-2006,04:45:25
60,Battambang,18,15-02-2006,04:45:25
61,Baybay,75,15-02-2006,04:45:25
62,Bayugan,75,15-02-2006,04:45:25
63,Béchar,2,15-02-2006,04:45:25
64,Beira,63,15-02-2006,04:45:25
65,Bellevue,103,15-02-2006,04:45:25
66,Belém,15,15-02-2006,04:45:25
67,Benguela,4,15-02-2006,04:45:25
68,Beni-Mellal,62,15-02-2006,04:45:25
69,Benin City,69,15-02-2006,04:45:25
70,Bergamo,49,15-02-2006,04:45:25
71,Berhampore (Baharampur),44,15-02-2006,04:45:25
72,Bern,91,15-02-2006,04:45:25
73,Bhavnagar,44,15-02-2006,04:45:25
74,Bhilwara,44,15-02-2006,04:45:25
75,Bhimavaram,44,15-02-2006,04:45:25
76,Bhopal,44,15-02-2006,04:45:25
77,Bhusawal,44,15-02-2006,04:45:25
78,Bijapur,44,15-02-2006,04:45:25
79,Bilbays,29,15-02-2006,04:45:25
80,Binzhou,23,15-02-2006,04:45:25
81,Birgunj,66,15-02-2006,04:45:25
82,Bislig,75,15-02-2006,04:45:25
83,Blumenau,15,15-02-2006,04:45:25
84,Boa Vista,15,15-02-2006,04:45:25
85,Boksburg,85,15-02-2006,04:45:25
86,Botosani,78,15-02-2006,04:45:25
87,Botshabelo,85,15-02-2006,04:45:25
88,Bradford,102,15-02-2006,04:45:25
89,Brasília,15,15-02-2006,04:45:25
90,Bratislava,84,15-02-2006,04:45:25
91,Brescia,49,15-02-2006,04:45:25
92,Brest,34,15-02-2006,04:45:25
93,Brindisi,49,15-02-2006,04:45:25
94,Brockton,103,15-02-2006,04:45:25
95,Bucuresti,78,15-02-2006,04:45:25
96,Buenaventura,24,15-02-2006,04:45:25
97,Bydgoszcz,76,15-02-2006,04:45:25
98,Cabuyao,75,15-02-2006,04:45:25
99,Callao,74,15-02-2006,04:45:25
100,Cam Ranh,105,15-02-2006,04:45:25
101,Cape Coral,103,15-02-2006,04:45:25
102,Caracas,104,15-02-2006,04:45:25
103,Carmen,60,15-02-2006,04:45:25
104,Cavite,75,15-02-2006,04:45:25
105,Cayenne,35,15-02-2006,04:45:25
106,Celaya,60,15-02-2006,04:45:25
107,Chandrapur,44,15-02-2006,04:45:25
108,Changhwa,92,15-02-2006,04:45:25
109,Changzhou,23,15-02-2006,04:45:25
110,Chapra,44,15-02-2006,04:45:25
111,Charlotte Amalie,106,15-02-2006,04:45:25
112,Chatsworth,85,15-02-2006,04:45:25
113,Cheju,86,15-02-2006,04:45:25
114,Chiayi,92,15-02-2006,04:45:25
115,Chisinau,61,15-02-2006,04:45:25
116,Chungho,92,15-02-2006,04:45:25
117,Cianjur,45,15-02-2006,04:45:25
118,Ciomas,45,15-02-2006,04:45:25
119,Ciparay,45,15-02-2006,04:45:25
120,Citrus Heights,103,15-02-2006,04:45:25
121,Città del Vaticano,41,15-02-2006,04:45:25
122,Ciudad del Este,73,15-02-2006,04:45:25
123,Clarksville,103,15-02-2006,04:45:25
124,Coacalco de Berriozábal,60,15-02-2006,04:45:25
125,Coatzacoalcos,60,15-02-2006,04:45:25
126,Compton,103,15-02-2006,04:45:25
127,Coquimbo,22,15-02-2006,04:45:25
128,Córdoba,6,15-02-2006,04:45:25
129,Cuauhtémoc,60,15-02-2006,04:45:25
130,Cuautla,60,15-02-2006,04:45:25
131,Cuernavaca,60,15-02-2006,04:45:25
132,Cumaná,104,15-02-2006,04:45:25
133,Czestochowa,76,15-02-2006,04:45:25
134,Dadu,72,15-02-2006,04:45:25
135,Dallas,103,15-02-2006,04:45:25
136,Datong,23,15-02-2006,04:45:25
137,Daugavpils,54,15-02-2006,04:45:25
138,Davao,75,15-02-2006,04:45:25
139,Daxian,23,15-02-2006,04:45:25
140,Dayton,103,15-02-2006,04:45:25
141,Deba Habe,69,15-02-2006,04:45:25
142,Denizli,97,15-02-2006,04:45:25
143,Dhaka,12,15-02-2006,04:45:25
144,Dhule (Dhulia),44,15-02-2006,04:45:25
145,Dongying,23,15-02-2006,04:45:25
146,Donostia-San Sebastián,87,15-02-2006,04:45:25
147,Dos Quebradas,24,15-02-2006,04:45:25
148,Duisburg,38,15-02-2006,04:45:25
149,Dundee,102,15-02-2006,04:45:25
150,Dzerzinsk,80,15-02-2006,04:45:25
151,Ede,67,15-02-2006,04:45:25
152,Effon-Alaiye,69,15-02-2006,04:45:25
153,El Alto,14,15-02-2006,04:45:25
154,El Fuerte,60,15-02-2006,04:45:25
155,El Monte,103,15-02-2006,04:45:25
156,Elista,80,15-02-2006,04:45:25
157,Emeishan,23,15-02-2006,04:45:25
158,Emmen,67,15-02-2006,04:45:25
159,Enshi,23,15-02-2006,04:45:25
160,Erlangen,38,15-02-2006,04:45:25
161,Escobar,6,15-02-2006,04:45:25
162,Esfahan,46,15-02-2006,04:45:25
163,Eskisehir,97,15-02-2006,04:45:25
164,Etawah,44,15-02-2006,04:45:25
165,Ezeiza,6,15-02-2006,04:45:25
166,Ezhou,23,15-02-2006,04:45:25
167,Faaa,36,15-02-2006,04:45:25
168,Fengshan,92,15-02-2006,04:45:25
169,Firozabad,44,15-02-2006,04:45:25
170,Florencia,24,15-02-2006,04:45:25
171,Fontana,103,15-02-2006,04:45:25
172,Fukuyama,50,15-02-2006,04:45:25
173,Funafuti,99,15-02-2006,04:45:25
174,Fuyu,23,15-02-2006,04:45:25
175,Fuzhou,23,15-02-2006,04:45:25
176,Gandhinagar,44,15-02-2006,04:45:25
177,Garden Grove,103,15-02-2006,04:45:25
178,Garland,103,15-02-2006,04:45:25
179,Gatineau,20,15-02-2006,04:45:25
180,Gaziantep,97,15-02-2006,04:45:25
181,Gijón,87,15-02-2006,04:45:25
182,Gingoog,75,15-02-2006,04:45:25
183,Goiânia,15,15-02-2006,04:45:25
184,Gorontalo,45,15-02-2006,04:45:25
185,Grand Prairie,103,15-02-2006,04:45:25
186,Graz,9,15-02-2006,04:45:25
187,Greensboro,103,15-02-2006,04:45:25
188,Guadalajara,60,15-02-2006,04:45:25
189,Guarujá,15,15-02-2006,04:45:25
190,Águas Lindas de Goiás,15,15-02-2006,04:45:25
191,Gulbarga,44,15-02-2006,04:45:25
192,Hagonoy,75,15-02-2006,04:45:25
193,Haining,23,15-02-2006,04:45:25
194,Haiphong,105,15-02-2006,04:45:25
195,Haldia,44,15-02-2006,04:45:25
196,Halifax,20,15-02-2006,04:45:25
197,Halisahar,44,15-02-2006,04:45:25
198,Halle/Saale,38,15-02-2006,04:45:25
199,Hami,23,15-02-2006,04:45:25
200,Hamilton,68,15-02-2006,04:45:25
201,Hanoi,105,15-02-2006,04:45:25
202,Hidalgo,60,15-02-2006,04:45:25
203,Higashiosaka,50,15-02-2006,04:45:25
204,Hino,50,15-02-2006,04:45:25
205,Hiroshima,50,15-02-2006,04:45:25
206,Hodeida,107,15-02-2006,04:45:25
207,Hohhot,23,15-02-2006,04:45:25
208,Hoshiarpur,44,15-02-2006,04:45:25
209,Hsichuh,92,15-02-2006,04:45:25
210,Huai´an,23,15-02-2006,04:45:25
211,Hubli-Dharwad,44,15-02-2006,04:45:25
212,Huejutla de Reyes,60,15-02-2006,04:45:25
213,Huixquilucan,60,15-02-2006,04:45:25
214,Huánuco,74,15-02-2006,04:45:25
215,Ibirité,15,15-02-2006,04:45:25
216,Idfu,29,15-02-2006,04:45:25
217,Ife,69,15-02-2006,04:45:25
218,Ikerre,69,15-02-2006,04:45:25
219,Iligan,75,15-02-2006,04:45:25
220,Ilorin,69,15-02-2006,04:45:25
221,Imus,75,15-02-2006,04:45:25
222,Inegöl,97,15-02-2006,04:45:25
223,Ipoh,59,15-02-2006,04:45:25
224,Isesaki,50,15-02-2006,04:45:25
225,Ivanovo,80,15-02-2006,04:45:25
226,Iwaki,50,15-02-2006,04:45:25
227,Iwakuni,50,15-02-2006,04:45:25
228,Iwatsuki,50,15-02-2006,04:45:25
229,Izumisano,50,15-02-2006,04:45:25
230,Jaffna,88,15-02-2006,04:45:25
231,Jaipur,44,15-02-2006,04:45:25
232,Jakarta,45,15-02-2006,04:45:25
233,Jalib al-Shuyukh,53,15-02-2006,04:45:25
234,Jamalpur,12,15-02-2006,04:45:25
235,Jaroslavl,80,15-02-2006,04:45:25
236,Jastrzebie-Zdrój,76,15-02-2006,04:45:25
237,Jedda,82,15-02-2006,04:45:25
238,Jelets,80,15-02-2006,04:45:25
239,Jhansi,44,15-02-2006,04:45:25
240,Jinchang,23,15-02-2006,04:45:25
241,Jining,23,15-02-2006,04:45:25
242,Jinzhou,23,15-02-2006,04:45:25
243,Jodhpur,44,15-02-2006,04:45:25
244,Johannesburg,85,15-02-2006,04:45:25
245,Joliet,103,15-02-2006,04:45:25
246,José Azueta,60,15-02-2006,04:45:25
247,Juazeiro do Norte,15,15-02-2006,04:45:25
248,Juiz de Fora,15,15-02-2006,04:45:25
249,Junan,23,15-02-2006,04:45:25
250,Juárez,60,15-02-2006,04:45:25
251,Kabul,1,15-02-2006,04:45:25
252,Kaduna,69,15-02-2006,04:45:25
253,Kakamigahara,50,15-02-2006,04:45:25
254,Kaliningrad,80,15-02-2006,04:45:25
255,Kalisz,76,15-02-2006,04:45:25
256,Kamakura,50,15-02-2006,04:45:25
257,Kamarhati,44,15-02-2006,04:45:25
258,Kamjanets-Podilskyi,100,15-02-2006,04:45:25
259,Kamyšin,80,15-02-2006,04:45:25
260,Kanazawa,50,15-02-2006,04:45:25
261,Kanchrapara,44,15-02-2006,04:45:25
262,Kansas City,103,15-02-2006,04:45:25
263,Karnal,44,15-02-2006,04:45:25
264,Katihar,44,15-02-2006,04:45:25
265,Kermanshah,46,15-02-2006,04:45:25
266,Kilis,97,15-02-2006,04:45:25
267,Kimberley,85,15-02-2006,04:45:25
268,Kimchon,86,15-02-2006,04:45:25
269,Kingstown,81,15-02-2006,04:45:25
270,Kirovo-Tšepetsk,80,15-02-2006,04:45:25
271,Kisumu,52,15-02-2006,04:45:25
272,Kitwe,109,15-02-2006,04:45:25
273,Klerksdorp,85,15-02-2006,04:45:25
274,Kolpino,80,15-02-2006,04:45:25
275,Konotop,100,15-02-2006,04:45:25
276,Koriyama,50,15-02-2006,04:45:25
277,Korla,23,15-02-2006,04:45:25
278,Korolev,80,15-02-2006,04:45:25
279,Kowloon and New Kowloon,42,15-02-2006,04:45:25
280,Kragujevac,108,15-02-2006,04:45:25
281,Kütahya,97,15-02-2006,04:45:25
282,Kuching,59,15-02-2006,04:45:25
283,Kumbakonam,44,15-02-2006,04:45:25
284,Kurashiki,50,15-02-2006,04:45:25
285,Kurgan,80,15-02-2006,04:45:25
286,Kursk,80,15-02-2006,04:45:25
287,Kuwana,50,15-02-2006,04:45:25
288,La Paz,60,15-02-2006,04:45:25
289,La Plata,6,15-02-2006,04:45:25
290,La Romana,27,15-02-2006,04:45:25
291,Laiwu,23,15-02-2006,04:45:25
292,Lancaster,103,15-02-2006,04:45:25
293,Laohekou,23,15-02-2006,04:45:25
294,Lapu-Lapu,75,15-02-2006,04:45:25
295,Laredo,103,15-02-2006,04:45:25
296,Lausanne,91,15-02-2006,04:45:25
297,Le Mans,34,15-02-2006,04:45:25
298,Lengshuijiang,23,15-02-2006,04:45:25
299,Leshan,23,15-02-2006,04:45:25
300,Lethbridge,20,15-02-2006,04:45:25
301,Lhokseumawe,45,15-02-2006,04:45:25
302,Liaocheng,23,15-02-2006,04:45:25
303,Liepaja,54,15-02-2006,04:45:25
304,Lilongwe,58,15-02-2006,04:45:25
305,Lima,74,15-02-2006,04:45:25
306,Lincoln,103,15-02-2006,04:45:25
307,Linz,9,15-02-2006,04:45:25
308,Lipetsk,80,15-02-2006,04:45:25
309,Livorno,49,15-02-2006,04:45:25
310,Ljubertsy,80,15-02-2006,04:45:25
311,Loja,28,15-02-2006,04:45:25
312,London,102,15-02-2006,04:45:25
313,London,20,15-02-2006,04:45:25
314,Lublin,76,15-02-2006,04:45:25
315,Lubumbashi,25,15-02-2006,04:45:25
316,Lungtan,92,15-02-2006,04:45:25
317,Luziânia,15,15-02-2006,04:45:25
318,Madiun,45,15-02-2006,04:45:25
319,Mahajanga,57,15-02-2006,04:45:25
320,Maikop,80,15-02-2006,04:45:25
321,Malmö,90,15-02-2006,04:45:25
322,Manchester,103,15-02-2006,04:45:25
323,Mandaluyong,75,15-02-2006,04:45:25
324,Mandi Bahauddin,72,15-02-2006,04:45:25
325,Mannheim,38,15-02-2006,04:45:25
326,Maracaíbo,104,15-02-2006,04:45:25
327,Mardan,72,15-02-2006,04:45:25
328,Maringá,15,15-02-2006,04:45:25
329,Masqat,71,15-02-2006,04:45:25
330,Matamoros,60,15-02-2006,04:45:25
331,Matsue,50,15-02-2006,04:45:25
332,Meixian,23,15-02-2006,04:45:25
333,Memphis,103,15-02-2006,04:45:25
334,Merlo,6,15-02-2006,04:45:25
335,Mexicali,60,15-02-2006,04:45:25
336,Miraj,44,15-02-2006,04:45:25
337,Mit Ghamr,29,15-02-2006,04:45:25
338,Miyakonojo,50,15-02-2006,04:45:25
339,Mogiljov,13,15-02-2006,04:45:25
340,Molodetšno,13,15-02-2006,04:45:25
341,Monclova,60,15-02-2006,04:45:25
342,Monywa,64,15-02-2006,04:45:25
343,Moscow,80,15-02-2006,04:45:25
344,Mosul,47,15-02-2006,04:45:25
345,Mukatševe,100,15-02-2006,04:45:25
346,Munger (Monghyr),44,15-02-2006,04:45:25
347,Mwanza,93,15-02-2006,04:45:25
348,Mwene-Ditu,25,15-02-2006,04:45:25
349,Myingyan,64,15-02-2006,04:45:25
350,Mysore,44,15-02-2006,04:45:25
351,Naçala-Porto,63,15-02-2006,04:45:25
352,Nabereznyje Tšelny,80,15-02-2006,04:45:25
353,Nador,62,15-02-2006,04:45:25
354,Nagaon,44,15-02-2006,04:45:25
355,Nagareyama,50,15-02-2006,04:45:25
356,Najafabad,46,15-02-2006,04:45:25
357,Naju,86,15-02-2006,04:45:25
358,Nakhon Sawan,94,15-02-2006,04:45:25
359,Nam Dinh,105,15-02-2006,04:45:25
360,Namibe,4,15-02-2006,04:45:25
361,Nantou,92,15-02-2006,04:45:25
362,Nanyang,23,15-02-2006,04:45:25
363,NDjamna,21,15-02-2006,04:45:25
364,Newcastle,85,15-02-2006,04:45:25
365,Nezahualcóyotl,60,15-02-2006,04:45:25
366,Nha Trang,105,15-02-2006,04:45:25
367,Niznekamsk,80,15-02-2006,04:45:25
368,Novi Sad,108,15-02-2006,04:45:25
369,Novotšerkassk,80,15-02-2006,04:45:25
370,Nuku´alofa,95,15-02-2006,04:45:25
371,Nuuk,40,15-02-2006,04:45:25
372,Nyeri,52,15-02-2006,04:45:25
373,Ocumare del Tuy,104,15-02-2006,04:45:25
374,Ogbomosho,69,15-02-2006,04:45:25
375,Okara,72,15-02-2006,04:45:25
376,Okayama,50,15-02-2006,04:45:25
377,Okinawa,50,15-02-2006,04:45:25
378,Olomouc,26,15-02-2006,04:45:25
379,Omdurman,89,15-02-2006,04:45:25
380,Omiya,50,15-02-2006,04:45:25
381,Ondo,69,15-02-2006,04:45:25
382,Onomichi,50,15-02-2006,04:45:25
383,Oshawa,20,15-02-2006,04:45:25
384,Osmaniye,97,15-02-2006,04:45:25
385,Šostka,100,15-02-2006,04:45:25
386,Otsu,50,15-02-2006,04:45:25
387,Oulu,33,15-02-2006,04:45:25
388,Ourense (Orense),87,15-02-2006,04:45:25
389,Owo,69,15-02-2006,04:45:25
390,Oyo,69,15-02-2006,04:45:25
391,Ozamis,75,15-02-2006,04:45:25
392,Paarl,85,15-02-2006,04:45:25
393,Pachuca de Soto,60,15-02-2006,04:45:25
394,Pak Kret,94,15-02-2006,04:45:25
395,Palghat (Palakkad),44,15-02-2006,04:45:25
396,Pangkal Pinang,45,15-02-2006,04:45:25
397,Papeete,36,15-02-2006,04:45:25
398,Parbhani,44,15-02-2006,04:45:25
399,Pathankot,44,15-02-2006,04:45:25
400,Patiala,44,15-02-2006,04:45:25
401,Patras,39,15-02-2006,04:45:25
402,Pavlodar,51,15-02-2006,04:45:25
403,Pemalang,45,15-02-2006,04:45:25
404,Peoria,103,15-02-2006,04:45:25
405,Pereira,24,15-02-2006,04:45:25
406,Phnom Penh,18,15-02-2006,04:45:25
407,Pingxiang,23,15-02-2006,04:45:25
408,Pjatigorsk,80,15-02-2006,04:45:25
409,Plock,76,15-02-2006,04:45:25
410,Poá,15,15-02-2006,04:45:25
411,Ponce,77,15-02-2006,04:45:25
412,Pontianak,45,15-02-2006,04:45:25
413,Poços de Caldas,15,15-02-2006,04:45:25
414,Portoviejo,28,15-02-2006,04:45:25
415,Probolinggo,45,15-02-2006,04:45:25
416,Pudukkottai,44,15-02-2006,04:45:25
417,Pune,44,15-02-2006,04:45:25
418,Purnea (Purnia),44,15-02-2006,04:45:25
419,Purwakarta,45,15-02-2006,04:45:25
420,Pyongyang,70,15-02-2006,04:45:25
421,Qalyub,29,15-02-2006,04:45:25
422,Qinhuangdao,23,15-02-2006,04:45:25
423,Qomsheh,46,15-02-2006,04:45:25
424,Quilmes,6,15-02-2006,04:45:25
425,Rae Bareli,44,15-02-2006,04:45:25
426,Rajkot,44,15-02-2006,04:45:25
427,Rampur,44,15-02-2006,04:45:25
428,Rancagua,22,15-02-2006,04:45:25
429,Ranchi,44,15-02-2006,04:45:25
430,Richmond Hill,20,15-02-2006,04:45:25
431,Rio Claro,15,15-02-2006,04:45:25
432,Rizhao,23,15-02-2006,04:45:25
433,Roanoke,103,15-02-2006,04:45:25
434,Ríobamba,28,15-02-2006,04:45:25
435,Rockford,103,15-02-2006,04:45:25
436,Ruse,17,15-02-2006,04:45:25
437,Rustenburg,85,15-02-2006,04:45:25
438,´s-Hertogenbosch,67,15-02-2006,04:45:25
439,Saarbrücken,38,15-02-2006,04:45:25
440,Sagamihara,50,15-02-2006,04:45:25
441,Saint Louis,103,15-02-2006,04:45:25
442,Saint-Denis,79,15-02-2006,04:45:25
443,Salé,62,15-02-2006,04:45:25
444,Salala,71,15-02-2006,04:45:25
445,Salamanca,60,15-02-2006,04:45:25
446,Salinas,103,15-02-2006,04:45:25
447,Salzburg,9,15-02-2006,04:45:25
448,Sambhal,44,15-02-2006,04:45:25
449,San Bernardino,103,15-02-2006,04:45:25
450,San Felipe de Puerto Plata,27,15-02-2006,04:45:25
451,San Felipe del Progreso,60,15-02-2006,04:45:25
452,San Juan Bautista Tuxtepec,60,15-02-2006,04:45:25
453,San Lorenzo,73,15-02-2006,04:45:25
454,San Miguel de Tucumán,6,15-02-2006,04:45:25
455,Sanaa,107,15-02-2006,04:45:25
456,Santa Brbara dOeste,15,15-02-2006,04:45:25
457,Santa Fé,6,15-02-2006,04:45:25
458,Santa Rosa,75,15-02-2006,04:45:25
459,Santiago de Compostela,87,15-02-2006,04:45:25
460,Santiago de los Caballeros,27,15-02-2006,04:45:25
461,Santo André,15,15-02-2006,04:45:25
462,Sanya,23,15-02-2006,04:45:25
463,Sasebo,50,15-02-2006,04:45:25
464,Satna,44,15-02-2006,04:45:25
465,Sawhaj,29,15-02-2006,04:45:25
466,Serpuhov,80,15-02-2006,04:45:25
467,Shahr-e Kord,46,15-02-2006,04:45:25
468,Shanwei,23,15-02-2006,04:45:25
469,Shaoguan,23,15-02-2006,04:45:25
470,Sharja,101,15-02-2006,04:45:25
471,Shenzhen,23,15-02-2006,04:45:25
472,Shikarpur,72,15-02-2006,04:45:25
473,Shimoga,44,15-02-2006,04:45:25
474,Shimonoseki,50,15-02-2006,04:45:25
475,Shivapuri,44,15-02-2006,04:45:25
476,Shubra al-Khayma,29,15-02-2006,04:45:25
477,Siegen,38,15-02-2006,04:45:25
478,Siliguri (Shiliguri),44,15-02-2006,04:45:25
479,Simferopol,100,15-02-2006,04:45:25
480,Sincelejo,24,15-02-2006,04:45:25
481,Sirjan,46,15-02-2006,04:45:25
482,Sivas,97,15-02-2006,04:45:25
483,Skikda,2,15-02-2006,04:45:25
484,Smolensk,80,15-02-2006,04:45:25
485,São Bernardo do Campo,15,15-02-2006,04:45:25
486,São Leopoldo,15,15-02-2006,04:45:25
487,Sogamoso,24,15-02-2006,04:45:25
488,Sokoto,69,15-02-2006,04:45:25
489,Songkhla,94,15-02-2006,04:45:25
490,Sorocaba,15,15-02-2006,04:45:25
491,Soshanguve,85,15-02-2006,04:45:25
492,Sousse,96,15-02-2006,04:45:25
493,South Hill,5,15-02-2006,04:45:25
494,Southampton,102,15-02-2006,04:45:25
495,Southend-on-Sea,102,15-02-2006,04:45:25
496,Southport,102,15-02-2006,04:45:25
497,Springs,85,15-02-2006,04:45:25
498,Stara Zagora,17,15-02-2006,04:45:25
499,Sterling Heights,103,15-02-2006,04:45:25
500,Stockport,102,15-02-2006,04:45:25
501,Sucre,14,15-02-2006,04:45:25
502,Suihua,23,15-02-2006,04:45:25
503,Sullana,74,15-02-2006,04:45:25
504,Sultanbeyli,97,15-02-2006,04:45:25
505,Sumqayit,10,15-02-2006,04:45:25
506,Sumy,100,15-02-2006,04:45:25
507,Sungai Petani,59,15-02-2006,04:45:25
508,Sunnyvale,103,15-02-2006,04:45:25
509,Surakarta,45,15-02-2006,04:45:25
510,Syktyvkar,80,15-02-2006,04:45:25
511,Syrakusa,49,15-02-2006,04:45:25
512,Székesfehérvár,43,15-02-2006,04:45:25
513,Tabora,93,15-02-2006,04:45:25
514,Tabriz,46,15-02-2006,04:45:25
515,Tabuk,82,15-02-2006,04:45:25
516,Tafuna,3,15-02-2006,04:45:25
517,Taguig,75,15-02-2006,04:45:25
518,Taizz,107,15-02-2006,04:45:25
519,Talavera,75,15-02-2006,04:45:25
520,Tallahassee,103,15-02-2006,04:45:25
521,Tama,50,15-02-2006,04:45:25
522,Tambaram,44,15-02-2006,04:45:25
523,Tanauan,75,15-02-2006,04:45:25
524,Tandil,6,15-02-2006,04:45:25
525,Tangail,12,15-02-2006,04:45:25
526,Tanshui,92,15-02-2006,04:45:25
527,Tanza,75,15-02-2006,04:45:25
528,Tarlac,75,15-02-2006,04:45:25
529,Tarsus,97,15-02-2006,04:45:25
530,Tartu,30,15-02-2006,04:45:25
531,Tšeboksary,80,15-02-2006,04:45:25
532,Tegal,45,15-02-2006,04:45:25
533,Tel Aviv-Jaffa,48,15-02-2006,04:45:25
534,Tete,63,15-02-2006,04:45:25
535,Tianjin,23,15-02-2006,04:45:25
536,Tiefa,23,15-02-2006,04:45:25
537,Tieli,23,15-02-2006,04:45:25
538,Tokat,97,15-02-2006,04:45:25
539,Tonghae,86,15-02-2006,04:45:25
540,Tongliao,23,15-02-2006,04:45:25
541,Torreón,60,15-02-2006,04:45:25
542,Touliu,92,15-02-2006,04:45:25
543,Toulon,34,15-02-2006,04:45:25
544,Toulouse,34,15-02-2006,04:45:25
545,Tórshavn,32,15-02-2006,04:45:25
546,Tsaotun,92,15-02-2006,04:45:25
547,Tsuyama,50,15-02-2006,04:45:25
548,Tuguegarao,75,15-02-2006,04:45:25
549,Tychy,76,15-02-2006,04:45:25
550,Udaipur,44,15-02-2006,04:45:25
551,Udine,49,15-02-2006,04:45:25
552,Ueda,50,15-02-2006,04:45:25
553,Uijongbu,86,15-02-2006,04:45:25
554,Uluberia,44,15-02-2006,04:45:25
555,Urawa,50,15-02-2006,04:45:25
556,Uruapan,60,15-02-2006,04:45:25
557,Usak,97,15-02-2006,04:45:25
558,Usolje-Sibirskoje,80,15-02-2006,04:45:25
559,Uttarpara-Kotrung,44,15-02-2006,04:45:25
560,Vaduz,55,15-02-2006,04:45:25
561,Valencia,104,15-02-2006,04:45:25
562,Valle de la Pascua,104,15-02-2006,04:45:25
563,Valle de Santiago,60,15-02-2006,04:45:25
564,Valparai,44,15-02-2006,04:45:25
565,Vancouver,20,15-02-2006,04:45:25
566,Varanasi (Benares),44,15-02-2006,04:45:25
567,Vicente López,6,15-02-2006,04:45:25
568,Vijayawada,44,15-02-2006,04:45:25
569,Vila Velha,15,15-02-2006,04:45:25
570,Vilnius,56,15-02-2006,04:45:25
571,Vinh,105,15-02-2006,04:45:25
572,Vitória de Santo Antão,15,15-02-2006,04:45:25
573,Warren,103,15-02-2006,04:45:25
574,Weifang,23,15-02-2006,04:45:25
575,Witten,38,15-02-2006,04:45:25
576,Woodridge,8,15-02-2006,04:45:25
577,Wroclaw,76,15-02-2006,04:45:25
578,Xi´angfan,23,15-02-2006,04:45:25
579,Xi´angtan,23,15-02-2006,04:45:25
580,Xintai,23,15-02-2006,04:45:25
581,Xinxiang,23,15-02-2006,04:45:25
582,Yamuna Nagar,44,15-02-2006,04:45:25
583,Yangor,65,15-02-2006,04:45:25
584,Yantai,23,15-02-2006,04:45:25
585,Yaoundé,19,15-02-2006,04:45:25
586,Yerevan,7,15-02-2006,04:45:25
587,Yinchuan,23,15-02-2006,04:45:25
588,Yingkou,23,15-02-2006,04:45:25
589,York,102,15-02-2006,04:45:25
590,Yuncheng,23,15-02-2006,04:45:25
591,Yuzhou,23,15-02-2006,04:45:25
592,Zalantun,23,15-02-2006,04:45:25
593,Zanzibar,93,15-02-2006,04:45:25
594,Zaoyang,23,15-02-2006,04:45:25
595,Zapopan,60,15-02-2006,04:45:25
596,Zaria,69,15-02-2006,04:45:25
597,Zeleznogorsk,80,15-02-2006,04:45:25
598,Zhezqazghan,51,15-02-2006,04:45:25
599,Zhoushan,23,15-02-2006,04:45:25
600,Ziguinchor,83,15-02-2006,04:45:25
